<?xml version="1.0" encoding="utf-8" standalone="yes" ?>
<rss version="2.0" xmlns:atom="http://www.w3.org/2005/Atom">
  <channel>
    <title>Lottery tickets | Lovedeep Gondara</title>
    <link>/tag/lottery-tickets/</link>
      <atom:link href="/tag/lottery-tickets/index.xml" rel="self" type="application/rss+xml" />
    <description>Lottery tickets</description>
    <generator>Source Themes Academic (https://sourcethemes.com/academic/)</generator><language>en-us</language><lastBuildDate>Sun, 07 Apr 2019 00:00:00 +0000</lastBuildDate>
    <image>
      <url>/images/icon_hu0b7a4cb9992c9ac0e91bd28ffd38dd00_9727_512x512_fill_lanczos_center_2.png</url>
      <title>Lottery tickets</title>
      <link>/tag/lottery-tickets/</link>
    </image>
    
    <item>
      <title>The Differentially Private Lottery Ticket Mechanism</title>
      <link>/publication/dpltm_arxiv/</link>
      <pubDate>Sun, 07 Apr 2019 00:00:00 +0000</pubDate>
      <guid>/publication/dpltm_arxiv/</guid>
      <description></description>
    </item>
    
  </channel>
</rss>
