[{"authors":["admin"],"categories":null,"content":"I am a PhD student at Simon Fraser University’s database and data mining lab. I am supervised by Prof. Ke Wang. My main research interests are in Machine Learning (especially Deep Learning), Statistics, and the intersection of both with their real world applications. My current research is primarily focused on privacy preserving machine learning and machine learning in healthcare.\n","date":1596240000,"expirydate":-62135596800,"kind":"term","lang":"en","lastmod":1596240000,"objectID":"2525497d367e79493fd32b198b28f040","permalink":"/author/lovedeep-gondara/","publishdate":"0001-01-01T00:00:00Z","relpermalink":"/author/lovedeep-gondara/","section":"authors","summary":"I am a PhD student at Simon Fraser University’s database and data mining lab. I am supervised by Prof. Ke Wang. My main research interests are in Machine Learning (especially Deep Learning), Statistics, and the intersection of both with their real world applications.","tags":null,"title":"Lovedeep Gondara","type":"authors"},{"authors":["吳恩達"],"categories":null,"content":"吳恩達 is a professor of artificial intelligence at the Stanford AI Lab. His research interests include distributed robotics, mobile computing and programmable matter. He leads the Robotic Neurobiology group, which develops self-reconfiguring robots, systems of self-organizing robots, and mobile sensor networks.\nLorem ipsum dolor sit amet, consectetur adipiscing elit. Sed neque elit, tristique placerat feugiat ac, facilisis vitae arcu. Proin eget egestas augue. Praesent ut sem nec arcu pellentesque aliquet. Duis dapibus diam vel metus tempus vulputate.\n","date":-62135596800,"expirydate":-62135596800,"kind":"term","lang":"en","lastmod":-62135596800,"objectID":"d8f258c323db746988131e8c2d192f9a","permalink":"/author/%E5%90%B3%E6%81%A9%E9%81%94/","publishdate":"0001-01-01T00:00:00Z","relpermalink":"/author/%E5%90%B3%E6%81%A9%E9%81%94/","section":"authors","summary":"吳恩達 is a professor of artificial intelligence at the Stanford AI Lab. His research interests include distributed robotics, mobile computing and programmable matter. He leads the Robotic Neurobiology group, which develops self-reconfiguring robots, systems of self-organizing robots, and mobile sensor networks.","tags":null,"title":"吳恩達","type":"authors"},{"authors":[],"categories":null,"content":" Click on the Slides button above to view the built-in slides feature.   Slides can be added in a few ways:\n Create slides using Academic\u0026rsquo;s Slides feature and link using slides parameter in the front matter of the talk file Upload an existing slide deck to static/ and link using url_slides parameter in the front matter of the talk file Embed your slides (e.g. Google Slides) or presentation video on this page using shortcodes.  Further talk details can easily be added to this page using Markdown and $\\rm \\LaTeX$ math code.\n","date":1906549200,"expirydate":-62135596800,"kind":"page","lang":"en","lastmod":1906549200,"objectID":"96344c08df50a1b693cc40432115cbe3","permalink":"/talk/example/","publishdate":"2017-01-01T00:00:00Z","relpermalink":"/talk/example/","section":"talk","summary":"An example talk using Academic's Markdown slides feature.","tags":[],"title":"Example Talk","type":"talk"},{"authors":["Lovedeep Gondara","Ke Wang"],"categories":null,"content":"","date":1596240000,"expirydate":-62135596800,"kind":"page","lang":"en","lastmod":1596240000,"objectID":"31e2db6c7b1974a4842dd06c679708b2","permalink":"/publication/uai2020_1/","publishdate":"2020-08-01T00:00:00Z","relpermalink":"/publication/uai2020_1/","section":"publication","summary":"Differentially private release of small datasets via reconstruction.","tags":["Differential Privacy","Random Projections"],"title":"Differentially Private Small Dataset Release Using Random Projections","type":"publication"},{"authors":["Lovedeep Gondara","Ke Wang"],"categories":null,"content":"","date":1596240000,"expirydate":-62135596800,"kind":"page","lang":"en","lastmod":1596240000,"objectID":"58aacdd33ebd5f927343c946a2295fcb","permalink":"/publication/mlhc2020/","publishdate":"2020-08-01T00:00:00Z","relpermalink":"/publication/mlhc2020/","section":"publication","summary":"Differentially private estimation of the survival function using the Kaplan-Meier estimator and differential privacy of other associated statistics.","tags":["Differential Privacy","Survival Function"],"title":"Differentially Private Survival Function Estimation","type":"publication"},{"authors":["Ricardo Silva Carvalho","Ke Wang","Lovedeep Gondara","Chunyan Miao"],"categories":null,"content":"","date":1596240000,"expirydate":-62135596800,"kind":"page","lang":"en","lastmod":1596240000,"objectID":"9a8e05fdb85cafe6e67ffed1fa2d32d7","permalink":"/publication/uai2020_2/","publishdate":"2020-08-01T00:00:00Z","relpermalink":"/publication/uai2020_2/","section":"publication","summary":"Differentially private top-k selection on the unknown Domain.","tags":["Differential Privacy","Top-k Selection"],"title":"Differentially Private Top-k Selection via Stability on Unknown Domain","type":"publication"},{"authors":["Lovedeep Gondara","Ke Wang","Ricardo Silva Carvalho"],"categories":null,"content":"","date":1554595200,"expirydate":-62135596800,"kind":"page","lang":"en","lastmod":1554595200,"objectID":"63866eecf2020fa00181c860e1e1a920","permalink":"/publication/dpltm_arxiv/","publishdate":"2020-02-01T00:00:00Z","relpermalink":"/publication/dpltm_arxiv/","section":"publication","summary":"End-to-end differentially private learning paradigm via the lottery tickets.","tags":["Differential Privacy","Lottery tickets"],"title":"The Differentially Private Lottery Ticket Mechanism","type":"publication"},{"authors":[],"categories":[],"content":"Create slides in Markdown with Academic  Academic | Documentation\n Features  Efficiently write slides in Markdown 3-in-1: Create, Present, and Publish your slides Supports speaker notes Mobile friendly slides   Controls  Next: Right Arrow or Space Previous: Left Arrow Start: Home Finish: End Overview: Esc Speaker notes: S Fullscreen: F Zoom: Alt + Click  PDF Export: E   Code Highlighting Inline code: variable\nCode block:\nporridge = \u0026quot;blueberry\u0026quot; if porridge == \u0026quot;blueberry\u0026quot;: print(\u0026quot;Eating...\u0026quot;)   Math In-line math: $x + y = z$\nBlock math:\n$$ f\\left( x \\right) = ;\\frac{{2\\left( {x + 4} \\right)\\left( {x - 4} \\right)}}{{\\left( {x + 4} \\right)\\left( {x + 1} \\right)}} $$\n Fragments Make content appear incrementally\n{{% fragment %}} One {{% /fragment %}} {{% fragment %}} **Two** {{% /fragment %}} {{% fragment %}} Three {{% /fragment %}}  Press Space to play!\nOne  Two  Three \n A fragment can accept two optional parameters:\n class: use a custom style (requires definition in custom CSS) weight: sets the order in which a fragment appears   Speaker Notes Add speaker notes to your presentation\n{{% speaker_note %}} - Only the speaker can read these notes - Press `S` key to view {{% /speaker_note %}}  Press the S key to view the speaker notes!\n Only the speaker can read these notes Press S key to view    Themes  black: Black background, white text, blue links (default) white: White background, black text, blue links league: Gray background, white text, blue links beige: Beige background, dark text, brown links sky: Blue background, thin dark text, blue links    night: Black background, thick white text, orange links serif: Cappuccino background, gray text, brown links simple: White background, black text, blue links solarized: Cream-colored background, dark green text, blue links   Custom Slide Customize the slide style and background\n{{\u0026lt; slide background-image=\u0026quot;/media/boards.jpg\u0026quot; \u0026gt;}} {{\u0026lt; slide background-color=\u0026quot;#0000FF\u0026quot; \u0026gt;}} {{\u0026lt; slide class=\u0026quot;my-style\u0026quot; \u0026gt;}}   Custom CSS Example Let\u0026rsquo;s make headers navy colored.\nCreate assets/css/reveal_custom.css with:\n.reveal section h1, .reveal section h2, .reveal section h3 { color: navy; }   Questions?  Ask\n Documentation\n","date":1549324800,"expirydate":-62135596800,"kind":"page","lang":"en","lastmod":1549324800,"objectID":"0e6de1a61aa83269ff13324f3167c1a9","permalink":"/slides/example/","publishdate":"2019-02-05T00:00:00Z","relpermalink":"/slides/example/","section":"slides","summary":"An introduction to using Academic's Slides feature.","tags":[],"title":"Slides","type":"slides"},{"authors":["Lovedeep Gondara","Ke Wang"],"categories":null,"content":"","date":1527811200,"expirydate":-62135596800,"kind":"page","lang":"en","lastmod":1527811200,"objectID":"9c9b59204d028721dd044a5ab139abba","permalink":"/publication/pakdd2018/","publishdate":"2018-06-01T00:00:00Z","relpermalink":"/publication/pakdd2018/","section":"publication","summary":"Missing data imputation using denoising autoencoders.","tags":["Missing data","Autoencoders"],"title":"MIDA Multiple Imputation using Denoising Autoencoders","type":"publication"},{"authors":["Lovedeep Gondara","Ke Wang"],"categories":null,"content":"","date":1512086400,"expirydate":-62135596800,"kind":"page","lang":"en","lastmod":1512086400,"objectID":"90c763a2a5e560bedbaf540aeeeccfce","permalink":"/publication/bigdata2017/","publishdate":"2017-12-01T00:00:00Z","relpermalink":"/publication/bigdata2017/","section":"publication","summary":"Recovering loss-to-followup in healthcare datasets using denoising autoencoders.","tags":["Missing data","Autoencoders"],"title":"Recovering loss to followup information using denoising autoencoders","type":"publication"},{"authors":null,"categories":null,"content":"","date":1461715200,"expirydate":-62135596800,"kind":"page","lang":"en","lastmod":1461715200,"objectID":"d1311ddf745551c9e117aa4bb7e28516","permalink":"/project/external-project/","publishdate":"2016-04-27T00:00:00Z","relpermalink":"/project/external-project/","section":"project","summary":"An example of linking directly to an external project website using `external_link`.","tags":["Demo"],"title":"External Project","type":"project"},{"authors":null,"categories":null,"content":"Lorem ipsum dolor sit amet, consectetur adipiscing elit. Duis posuere tellus ac convallis placerat. Proin tincidunt magna sed ex sollicitudin condimentum. Sed ac faucibus dolor, scelerisque sollicitudin nisi. Cras purus urna, suscipit quis sapien eu, pulvinar tempor diam. Quisque risus orci, mollis id ante sit amet, gravida egestas nisl. Sed ac tempus magna. Proin in dui enim. Donec condimentum, sem id dapibus fringilla, tellus enim condimentum arcu, nec volutpat est felis vel metus. Vestibulum sit amet erat at nulla eleifend gravida.\nNullam vel molestie justo. Curabitur vitae efficitur leo. In hac habitasse platea dictumst. Sed pulvinar mauris dui, eget varius purus congue ac. Nulla euismod, lorem vel elementum dapibus, nunc justo porta mi, sed tempus est est vel tellus. Nam et enim eleifend, laoreet sem sit amet, elementum sem. Morbi ut leo congue, maximus velit ut, finibus arcu. In et libero cursus, rutrum risus non, molestie leo. Nullam congue quam et volutpat malesuada. Sed risus tortor, pulvinar et dictum nec, sodales non mi. Phasellus lacinia commodo laoreet. Nam mollis, erat in feugiat consectetur, purus eros egestas tellus, in auctor urna odio at nibh. Mauris imperdiet nisi ac magna convallis, at rhoncus ligula cursus.\nCras aliquam rhoncus ipsum, in hendrerit nunc mattis vitae. Duis vitae efficitur metus, ac tempus leo. Cras nec fringilla lacus. Quisque sit amet risus at ipsum pharetra commodo. Sed aliquam mauris at consequat eleifend. Praesent porta, augue sed viverra bibendum, neque ante euismod ante, in vehicula justo lorem ac eros. Suspendisse augue libero, venenatis eget tincidunt ut, malesuada at lorem. Donec vitae bibendum arcu. Aenean maximus nulla non pretium iaculis. Quisque imperdiet, nulla in pulvinar aliquet, velit quam ultrices quam, sit amet fringilla leo sem vel nunc. Mauris in lacinia lacus.\nSuspendisse a tincidunt lacus. Curabitur at urna sagittis, dictum ante sit amet, euismod magna. Sed rutrum massa id tortor commodo, vitae elementum turpis tempus. Lorem ipsum dolor sit amet, consectetur adipiscing elit. Aenean purus turpis, venenatis a ullamcorper nec, tincidunt et massa. Integer posuere quam rutrum arcu vehicula imperdiet. Mauris ullamcorper quam vitae purus congue, quis euismod magna eleifend. Vestibulum semper vel augue eget tincidunt. Fusce eget justo sodales, dapibus odio eu, ultrices lorem. Duis condimentum lorem id eros commodo, in facilisis mauris scelerisque. Morbi sed auctor leo. Nullam volutpat a lacus quis pharetra. Nulla congue rutrum magna a ornare.\nAliquam in turpis accumsan, malesuada nibh ut, hendrerit justo. Cum sociis natoque penatibus et magnis dis parturient montes, nascetur ridiculus mus. Quisque sed erat nec justo posuere suscipit. Donec ut efficitur arcu, in malesuada neque. Nunc dignissim nisl massa, id vulputate nunc pretium nec. Quisque eget urna in risus suscipit ultricies. Pellentesque odio odio, tincidunt in eleifend sed, posuere a diam. Nam gravida nisl convallis semper elementum. Morbi vitae felis faucibus, vulputate orci placerat, aliquet nisi. Aliquam erat volutpat. Maecenas sagittis pulvinar purus, sed porta quam laoreet at.\n","date":1461715200,"expirydate":-62135596800,"kind":"page","lang":"en","lastmod":1461715200,"objectID":"8f66d660a9a2edc2d08e68cc30f701f7","permalink":"/project/internal-project/","publishdate":"2016-04-27T00:00:00Z","relpermalink":"/project/internal-project/","section":"project","summary":"An example of using the in-built project page.","tags":["Deep Learning"],"title":"Internal Project","type":"project"}]