<?xml version="1.0" encoding="utf-8" standalone="yes" ?>
<rss version="2.0" xmlns:atom="http://www.w3.org/2005/Atom">
  <channel>
    <title>Lovedeep Gondara</title>
    <link>/</link>
      <atom:link href="/index.xml" rel="self" type="application/rss+xml" />
    <description>Lovedeep Gondara</description>
    <generator>Source Themes Academic (https://sourcethemes.com/academic/)</generator><language>en-us</language><lastBuildDate>Sat, 01 Jun 2030 13:00:00 +0000</lastBuildDate>
    <image>
      <url>/images/icon_hu0b7a4cb9992c9ac0e91bd28ffd38dd00_9727_512x512_fill_lanczos_center_2.png</url>
      <title>Lovedeep Gondara</title>
      <link>/</link>
    </image>
    
    <item>
      <title>Example Talk</title>
      <link>/talk/example/</link>
      <pubDate>Sat, 01 Jun 2030 13:00:00 +0000</pubDate>
      <guid>/talk/example/</guid>
      <description>&lt;div class=&#34;alert alert-note&#34;&gt;
  &lt;div&gt;
    Click on the &lt;strong&gt;Slides&lt;/strong&gt; button above to view the built-in slides feature.
  &lt;/div&gt;
&lt;/div&gt;
&lt;p&gt;Slides can be added in a few ways:&lt;/p&gt;
&lt;ul&gt;
&lt;li&gt;&lt;strong&gt;Create&lt;/strong&gt; slides using Academic&amp;rsquo;s 
&lt;a href=&#34;https://sourcethemes.com/academic/docs/managing-content/#create-slides&#34; target=&#34;_blank&#34; rel=&#34;noopener&#34;&gt;&lt;em&gt;Slides&lt;/em&gt;&lt;/a&gt; feature and link using &lt;code&gt;slides&lt;/code&gt; parameter in the front matter of the talk file&lt;/li&gt;
&lt;li&gt;&lt;strong&gt;Upload&lt;/strong&gt; an existing slide deck to &lt;code&gt;static/&lt;/code&gt; and link using &lt;code&gt;url_slides&lt;/code&gt; parameter in the front matter of the talk file&lt;/li&gt;
&lt;li&gt;&lt;strong&gt;Embed&lt;/strong&gt; your slides (e.g. Google Slides) or presentation video on this page using 
&lt;a href=&#34;https://sourcethemes.com/academic/docs/writing-markdown-latex/&#34; target=&#34;_blank&#34; rel=&#34;noopener&#34;&gt;shortcodes&lt;/a&gt;.&lt;/li&gt;
&lt;/ul&gt;
&lt;p&gt;Further talk details can easily be added to this page using &lt;em&gt;Markdown&lt;/em&gt; and $\rm \LaTeX$ math code.&lt;/p&gt;
</description>
    </item>
    
    <item>
      <title>Differentially Private Small Dataset Release Using Random Projections</title>
      <link>/publication/uai2020_1/</link>
      <pubDate>Sat, 01 Aug 2020 00:00:00 +0000</pubDate>
      <guid>/publication/uai2020_1/</guid>
      <description></description>
    </item>
    
    <item>
      <title>Differentially Private Survival Function Estimation</title>
      <link>/publication/mlhc2020/</link>
      <pubDate>Sat, 01 Aug 2020 00:00:00 +0000</pubDate>
      <guid>/publication/mlhc2020/</guid>
      <description></description>
    </item>
    
    <item>
      <title>Differentially Private Top-k Selection via Stability on Unknown Domain</title>
      <link>/publication/uai2020_2/</link>
      <pubDate>Sat, 01 Aug 2020 00:00:00 +0000</pubDate>
      <guid>/publication/uai2020_2/</guid>
      <description></description>
    </item>
    
    <item>
      <title>The Differentially Private Lottery Ticket Mechanism</title>
      <link>/publication/dpltm_arxiv/</link>
      <pubDate>Sun, 07 Apr 2019 00:00:00 +0000</pubDate>
      <guid>/publication/dpltm_arxiv/</guid>
      <description></description>
    </item>
    
    <item>
      <title>Slides</title>
      <link>/slides/example/</link>
      <pubDate>Tue, 05 Feb 2019 00:00:00 +0000</pubDate>
      <guid>/slides/example/</guid>
      <description>&lt;h1 id=&#34;create-slides-in-markdown-with-academic&#34;&gt;Create slides in Markdown with Academic&lt;/h1&gt;
&lt;p&gt;
&lt;a href=&#34;https://sourcethemes.com/academic/&#34; target=&#34;_blank&#34; rel=&#34;noopener&#34;&gt;Academic&lt;/a&gt; | 
&lt;a href=&#34;https://sourcethemes.com/academic/docs/managing-content/#create-slides&#34; target=&#34;_blank&#34; rel=&#34;noopener&#34;&gt;Documentation&lt;/a&gt;&lt;/p&gt;
&lt;hr&gt;
&lt;h2 id=&#34;features&#34;&gt;Features&lt;/h2&gt;
&lt;ul&gt;
&lt;li&gt;Efficiently write slides in Markdown&lt;/li&gt;
&lt;li&gt;3-in-1: Create, Present, and Publish your slides&lt;/li&gt;
&lt;li&gt;Supports speaker notes&lt;/li&gt;
&lt;li&gt;Mobile friendly slides&lt;/li&gt;
&lt;/ul&gt;
&lt;hr&gt;
&lt;h2 id=&#34;controls&#34;&gt;Controls&lt;/h2&gt;
&lt;ul&gt;
&lt;li&gt;Next: &lt;code&gt;Right Arrow&lt;/code&gt; or &lt;code&gt;Space&lt;/code&gt;&lt;/li&gt;
&lt;li&gt;Previous: &lt;code&gt;Left Arrow&lt;/code&gt;&lt;/li&gt;
&lt;li&gt;Start: &lt;code&gt;Home&lt;/code&gt;&lt;/li&gt;
&lt;li&gt;Finish: &lt;code&gt;End&lt;/code&gt;&lt;/li&gt;
&lt;li&gt;Overview: &lt;code&gt;Esc&lt;/code&gt;&lt;/li&gt;
&lt;li&gt;Speaker notes: &lt;code&gt;S&lt;/code&gt;&lt;/li&gt;
&lt;li&gt;Fullscreen: &lt;code&gt;F&lt;/code&gt;&lt;/li&gt;
&lt;li&gt;Zoom: &lt;code&gt;Alt + Click&lt;/code&gt;&lt;/li&gt;
&lt;li&gt;
&lt;a href=&#34;https://github.com/hakimel/reveal.js#pdf-export&#34; target=&#34;_blank&#34; rel=&#34;noopener&#34;&gt;PDF Export&lt;/a&gt;: &lt;code&gt;E&lt;/code&gt;&lt;/li&gt;
&lt;/ul&gt;
&lt;hr&gt;
&lt;h2 id=&#34;code-highlighting&#34;&gt;Code Highlighting&lt;/h2&gt;
&lt;p&gt;Inline code: &lt;code&gt;variable&lt;/code&gt;&lt;/p&gt;
&lt;p&gt;Code block:&lt;/p&gt;
&lt;pre&gt;&lt;code class=&#34;language-python&#34;&gt;porridge = &amp;quot;blueberry&amp;quot;
if porridge == &amp;quot;blueberry&amp;quot;:
    print(&amp;quot;Eating...&amp;quot;)
&lt;/code&gt;&lt;/pre&gt;
&lt;hr&gt;
&lt;h2 id=&#34;math&#34;&gt;Math&lt;/h2&gt;
&lt;p&gt;In-line math: $x + y = z$&lt;/p&gt;
&lt;p&gt;Block math:&lt;/p&gt;
&lt;p&gt;$$
f\left( x \right) = ;\frac{{2\left( {x + 4} \right)\left( {x - 4} \right)}}{{\left( {x + 4} \right)\left( {x + 1} \right)}}
$$&lt;/p&gt;
&lt;hr&gt;
&lt;h2 id=&#34;fragments&#34;&gt;Fragments&lt;/h2&gt;
&lt;p&gt;Make content appear incrementally&lt;/p&gt;
&lt;pre&gt;&lt;code&gt;{{% fragment %}} One {{% /fragment %}}
{{% fragment %}} **Two** {{% /fragment %}}
{{% fragment %}} Three {{% /fragment %}}
&lt;/code&gt;&lt;/pre&gt;
&lt;p&gt;Press &lt;code&gt;Space&lt;/code&gt; to play!&lt;/p&gt;
&lt;p&gt;&lt;span class=&#34;fragment &#34; &gt;
One
&lt;/span&gt;
&lt;span class=&#34;fragment &#34; &gt;
&lt;strong&gt;Two&lt;/strong&gt;
&lt;/span&gt;
&lt;span class=&#34;fragment &#34; &gt;
Three
&lt;/span&gt;&lt;/p&gt;
&lt;hr&gt;
&lt;p&gt;A fragment can accept two optional parameters:&lt;/p&gt;
&lt;ul&gt;
&lt;li&gt;&lt;code&gt;class&lt;/code&gt;: use a custom style (requires definition in custom CSS)&lt;/li&gt;
&lt;li&gt;&lt;code&gt;weight&lt;/code&gt;: sets the order in which a fragment appears&lt;/li&gt;
&lt;/ul&gt;
&lt;hr&gt;
&lt;h2 id=&#34;speaker-notes&#34;&gt;Speaker Notes&lt;/h2&gt;
&lt;p&gt;Add speaker notes to your presentation&lt;/p&gt;
&lt;pre&gt;&lt;code class=&#34;language-markdown&#34;&gt;{{% speaker_note %}}
- Only the speaker can read these notes
- Press `S` key to view
{{% /speaker_note %}}
&lt;/code&gt;&lt;/pre&gt;
&lt;p&gt;Press the &lt;code&gt;S&lt;/code&gt; key to view the speaker notes!&lt;/p&gt;
&lt;aside class=&#34;notes&#34;&gt;
  &lt;ul&gt;
&lt;li&gt;Only the speaker can read these notes&lt;/li&gt;
&lt;li&gt;Press &lt;code&gt;S&lt;/code&gt; key to view&lt;/li&gt;
&lt;/ul&gt;

&lt;/aside&gt;
&lt;hr&gt;
&lt;h2 id=&#34;themes&#34;&gt;Themes&lt;/h2&gt;
&lt;ul&gt;
&lt;li&gt;black: Black background, white text, blue links (default)&lt;/li&gt;
&lt;li&gt;white: White background, black text, blue links&lt;/li&gt;
&lt;li&gt;league: Gray background, white text, blue links&lt;/li&gt;
&lt;li&gt;beige: Beige background, dark text, brown links&lt;/li&gt;
&lt;li&gt;sky: Blue background, thin dark text, blue links&lt;/li&gt;
&lt;/ul&gt;
&lt;hr&gt;
&lt;ul&gt;
&lt;li&gt;night: Black background, thick white text, orange links&lt;/li&gt;
&lt;li&gt;serif: Cappuccino background, gray text, brown links&lt;/li&gt;
&lt;li&gt;simple: White background, black text, blue links&lt;/li&gt;
&lt;li&gt;solarized: Cream-colored background, dark green text, blue links&lt;/li&gt;
&lt;/ul&gt;
&lt;hr&gt;

&lt;section data-noprocess data-shortcode-slide
  
      
      data-background-image=&#34;/media/boards.jpg&#34;
  &gt;

&lt;h2 id=&#34;custom-slide&#34;&gt;Custom Slide&lt;/h2&gt;
&lt;p&gt;Customize the slide style and background&lt;/p&gt;
&lt;pre&gt;&lt;code class=&#34;language-markdown&#34;&gt;{{&amp;lt; slide background-image=&amp;quot;/media/boards.jpg&amp;quot; &amp;gt;}}
{{&amp;lt; slide background-color=&amp;quot;#0000FF&amp;quot; &amp;gt;}}
{{&amp;lt; slide class=&amp;quot;my-style&amp;quot; &amp;gt;}}
&lt;/code&gt;&lt;/pre&gt;
&lt;hr&gt;
&lt;h2 id=&#34;custom-css-example&#34;&gt;Custom CSS Example&lt;/h2&gt;
&lt;p&gt;Let&amp;rsquo;s make headers navy colored.&lt;/p&gt;
&lt;p&gt;Create &lt;code&gt;assets/css/reveal_custom.css&lt;/code&gt; with:&lt;/p&gt;
&lt;pre&gt;&lt;code class=&#34;language-css&#34;&gt;.reveal section h1,
.reveal section h2,
.reveal section h3 {
  color: navy;
}
&lt;/code&gt;&lt;/pre&gt;
&lt;hr&gt;
&lt;h1 id=&#34;questions&#34;&gt;Questions?&lt;/h1&gt;
&lt;p&gt;
&lt;a href=&#34;https://spectrum.chat/academic&#34; target=&#34;_blank&#34; rel=&#34;noopener&#34;&gt;Ask&lt;/a&gt;&lt;/p&gt;
&lt;p&gt;
&lt;a href=&#34;https://sourcethemes.com/academic/docs/managing-content/#create-slides&#34; target=&#34;_blank&#34; rel=&#34;noopener&#34;&gt;Documentation&lt;/a&gt;&lt;/p&gt;
</description>
    </item>
    
    <item>
      <title>Privacy Policy</title>
      <link>/privacy/</link>
      <pubDate>Thu, 28 Jun 2018 00:00:00 +0100</pubDate>
      <guid>/privacy/</guid>
      <description>&lt;p&gt;&amp;hellip;&lt;/p&gt;
</description>
    </item>
    
    <item>
      <title>Terms</title>
      <link>/terms/</link>
      <pubDate>Thu, 28 Jun 2018 00:00:00 +0100</pubDate>
      <guid>/terms/</guid>
      <description>&lt;p&gt;&amp;hellip;&lt;/p&gt;
</description>
    </item>
    
    <item>
      <title>MIDA Multiple Imputation using Denoising Autoencoders</title>
      <link>/publication/pakdd2018/</link>
      <pubDate>Fri, 01 Jun 2018 00:00:00 +0000</pubDate>
      <guid>/publication/pakdd2018/</guid>
      <description></description>
    </item>
    
    <item>
      <title>Recovering loss to followup information using denoising autoencoders</title>
      <link>/publication/bigdata2017/</link>
      <pubDate>Fri, 01 Dec 2017 00:00:00 +0000</pubDate>
      <guid>/publication/bigdata2017/</guid>
      <description></description>
    </item>
    
    <item>
      <title>External Project</title>
      <link>/project/external-project/</link>
      <pubDate>Wed, 27 Apr 2016 00:00:00 +0000</pubDate>
      <guid>/project/external-project/</guid>
      <description></description>
    </item>
    
    <item>
      <title>Internal Project</title>
      <link>/project/internal-project/</link>
      <pubDate>Wed, 27 Apr 2016 00:00:00 +0000</pubDate>
      <guid>/project/internal-project/</guid>
      <description>&lt;p&gt;Lorem ipsum dolor sit amet, consectetur adipiscing elit. Duis posuere tellus ac convallis placerat. Proin tincidunt magna sed ex sollicitudin condimentum. Sed ac faucibus dolor, scelerisque sollicitudin nisi. Cras purus urna, suscipit quis sapien eu, pulvinar tempor diam. Quisque risus orci, mollis id ante sit amet, gravida egestas nisl. Sed ac tempus magna. Proin in dui enim. Donec condimentum, sem id dapibus fringilla, tellus enim condimentum arcu, nec volutpat est felis vel metus. Vestibulum sit amet erat at nulla eleifend gravida.&lt;/p&gt;
&lt;p&gt;Nullam vel molestie justo. Curabitur vitae efficitur leo. In hac habitasse platea dictumst. Sed pulvinar mauris dui, eget varius purus congue ac. Nulla euismod, lorem vel elementum dapibus, nunc justo porta mi, sed tempus est est vel tellus. Nam et enim eleifend, laoreet sem sit amet, elementum sem. Morbi ut leo congue, maximus velit ut, finibus arcu. In et libero cursus, rutrum risus non, molestie leo. Nullam congue quam et volutpat malesuada. Sed risus tortor, pulvinar et dictum nec, sodales non mi. Phasellus lacinia commodo laoreet. Nam mollis, erat in feugiat consectetur, purus eros egestas tellus, in auctor urna odio at nibh. Mauris imperdiet nisi ac magna convallis, at rhoncus ligula cursus.&lt;/p&gt;
&lt;p&gt;Cras aliquam rhoncus ipsum, in hendrerit nunc mattis vitae. Duis vitae efficitur metus, ac tempus leo. Cras nec fringilla lacus. Quisque sit amet risus at ipsum pharetra commodo. Sed aliquam mauris at consequat eleifend. Praesent porta, augue sed viverra bibendum, neque ante euismod ante, in vehicula justo lorem ac eros. Suspendisse augue libero, venenatis eget tincidunt ut, malesuada at lorem. Donec vitae bibendum arcu. Aenean maximus nulla non pretium iaculis. Quisque imperdiet, nulla in pulvinar aliquet, velit quam ultrices quam, sit amet fringilla leo sem vel nunc. Mauris in lacinia lacus.&lt;/p&gt;
&lt;p&gt;Suspendisse a tincidunt lacus. Curabitur at urna sagittis, dictum ante sit amet, euismod magna. Sed rutrum massa id tortor commodo, vitae elementum turpis tempus. Lorem ipsum dolor sit amet, consectetur adipiscing elit. Aenean purus turpis, venenatis a ullamcorper nec, tincidunt et massa. Integer posuere quam rutrum arcu vehicula imperdiet. Mauris ullamcorper quam vitae purus congue, quis euismod magna eleifend. Vestibulum semper vel augue eget tincidunt. Fusce eget justo sodales, dapibus odio eu, ultrices lorem. Duis condimentum lorem id eros commodo, in facilisis mauris scelerisque. Morbi sed auctor leo. Nullam volutpat a lacus quis pharetra. Nulla congue rutrum magna a ornare.&lt;/p&gt;
&lt;p&gt;Aliquam in turpis accumsan, malesuada nibh ut, hendrerit justo. Cum sociis natoque penatibus et magnis dis parturient montes, nascetur ridiculus mus. Quisque sed erat nec justo posuere suscipit. Donec ut efficitur arcu, in malesuada neque. Nunc dignissim nisl massa, id vulputate nunc pretium nec. Quisque eget urna in risus suscipit ultricies. Pellentesque odio odio, tincidunt in eleifend sed, posuere a diam. Nam gravida nisl convallis semper elementum. Morbi vitae felis faucibus, vulputate orci placerat, aliquet nisi. Aliquam erat volutpat. Maecenas sagittis pulvinar purus, sed porta quam laoreet at.&lt;/p&gt;
</description>
    </item>
    
    <item>
      <title>Differential privacy in healthcare</title>
      <link>/post/getting-started/</link>
      <pubDate>Wed, 20 Apr 2016 00:00:00 +0000</pubDate>
      <guid>/post/getting-started/</guid>
      <description>&lt;p&gt;&lt;strong&gt;Work in progress - check back later&lt;/strong&gt;&lt;/p&gt;
</description>
    </item>
    
  </channel>
</rss>
