<?xml version="1.0" encoding="utf-8" standalone="yes" ?>
<rss version="2.0" xmlns:atom="http://www.w3.org/2005/Atom">
  <channel>
    <title>Autoencoders | Lovedeep Gondara</title>
    <link>/tag/autoencoders/</link>
      <atom:link href="/tag/autoencoders/index.xml" rel="self" type="application/rss+xml" />
    <description>Autoencoders</description>
    <generator>Source Themes Academic (https://sourcethemes.com/academic/)</generator><language>en-us</language><lastBuildDate>Fri, 01 Jun 2018 00:00:00 +0000</lastBuildDate>
    <image>
      <url>/images/icon_hu0b7a4cb9992c9ac0e91bd28ffd38dd00_9727_512x512_fill_lanczos_center_2.png</url>
      <title>Autoencoders</title>
      <link>/tag/autoencoders/</link>
    </image>
    
    <item>
      <title>MIDA Multiple Imputation using Denoising Autoencoders</title>
      <link>/publication/pakdd2018/</link>
      <pubDate>Fri, 01 Jun 2018 00:00:00 +0000</pubDate>
      <guid>/publication/pakdd2018/</guid>
      <description></description>
    </item>
    
    <item>
      <title>Recovering loss to followup information using denoising autoencoders</title>
      <link>/publication/bigdata2017/</link>
      <pubDate>Fri, 01 Dec 2017 00:00:00 +0000</pubDate>
      <guid>/publication/bigdata2017/</guid>
      <description></description>
    </item>
    
  </channel>
</rss>
