<?xml version="1.0" encoding="utf-8" standalone="yes" ?>
<rss version="2.0" xmlns:atom="http://www.w3.org/2005/Atom">
  <channel>
    <title>Categories | Lovedeep Gondara</title>
    <link>/categories/</link>
      <atom:link href="/categories/index.xml" rel="self" type="application/rss+xml" />
    <description>Categories</description>
    <generator>Source Themes Academic (https://sourcethemes.com/academic/)</generator><language>en-us</language><lastBuildDate>Wed, 20 Apr 2016 00:00:00 +0000</lastBuildDate>
    <image>
      <url>/images/icon_hu0b7a4cb9992c9ac0e91bd28ffd38dd00_9727_512x512_fill_lanczos_center_2.png</url>
      <title>Categories</title>
      <link>/categories/</link>
    </image>
    
  </channel>
</rss>
