<?xml version="1.0" encoding="utf-8" standalone="yes" ?>
<rss version="2.0" xmlns:atom="http://www.w3.org/2005/Atom">
  <channel>
    <title>Ricardo Silva Carvalho | Lovedeep Gondara</title>
    <link>/author/ricardo-silva-carvalho/</link>
      <atom:link href="/author/ricardo-silva-carvalho/index.xml" rel="self" type="application/rss+xml" />
    <description>Ricardo Silva Carvalho</description>
    <generator>Source Themes Academic (https://sourcethemes.com/academic/)</generator><language>en-us</language><lastBuildDate>Sat, 01 Aug 2020 00:00:00 +0000</lastBuildDate>
    <image>
      <url>/images/icon_hu0b7a4cb9992c9ac0e91bd28ffd38dd00_9727_512x512_fill_lanczos_center_2.png</url>
      <title>Ricardo Silva Carvalho</title>
      <link>/author/ricardo-silva-carvalho/</link>
    </image>
    
    <item>
      <title>Differentially Private Top-k Selection via Stability on Unknown Domain</title>
      <link>/publication/uai2020_2/</link>
      <pubDate>Sat, 01 Aug 2020 00:00:00 +0000</pubDate>
      <guid>/publication/uai2020_2/</guid>
      <description></description>
    </item>
    
    <item>
      <title>The Differentially Private Lottery Ticket Mechanism</title>
      <link>/publication/dpltm_arxiv/</link>
      <pubDate>Sun, 07 Apr 2019 00:00:00 +0000</pubDate>
      <guid>/publication/dpltm_arxiv/</guid>
      <description></description>
    </item>
    
  </channel>
</rss>
