<?xml version="1.0" encoding="utf-8" standalone="yes" ?>
<rss version="2.0" xmlns:atom="http://www.w3.org/2005/Atom">
  <channel>
    <title>Random Projections | Lovedeep Gondara</title>
    <link>/tag/random-projections/</link>
      <atom:link href="/tag/random-projections/index.xml" rel="self" type="application/rss+xml" />
    <description>Random Projections</description>
    <generator>Source Themes Academic (https://sourcethemes.com/academic/)</generator><language>en-us</language><lastBuildDate>Sat, 01 Aug 2020 00:00:00 +0000</lastBuildDate>
    <image>
      <url>/images/icon_hu0b7a4cb9992c9ac0e91bd28ffd38dd00_9727_512x512_fill_lanczos_center_2.png</url>
      <title>Random Projections</title>
      <link>/tag/random-projections/</link>
    </image>
    
    <item>
      <title>Differentially Private Small Dataset Release Using Random Projections</title>
      <link>/publication/uai2020_1/</link>
      <pubDate>Sat, 01 Aug 2020 00:00:00 +0000</pubDate>
      <guid>/publication/uai2020_1/</guid>
      <description></description>
    </item>
    
  </channel>
</rss>
