<?xml version="1.0" encoding="utf-8" standalone="yes" ?>
<rss version="2.0" xmlns:atom="http://www.w3.org/2005/Atom">
  <channel>
    <title>Courses | Lovedeep Gondara</title>
    <link>/courses/</link>
      <atom:link href="/courses/index.xml" rel="self" type="application/rss+xml" />
    <description>Courses</description>
    <generator>Source Themes Academic (https://sourcethemes.com/academic/)</generator><language>en-us</language><lastBuildDate>Sun, 05 May 2019 00:00:00 +0100</lastBuildDate>
    <image>
      <url>/images/icon_hu0b7a4cb9992c9ac0e91bd28ffd38dd00_9727_512x512_fill_lanczos_center_2.png</url>
      <title>Courses</title>
      <link>/courses/</link>
    </image>
    
  </channel>
</rss>
