<?xml version="1.0" encoding="utf-8" standalone="yes" ?>
<rss version="2.0" xmlns:atom="http://www.w3.org/2005/Atom">
  <channel>
    <title>Healthcare | Lovedeep Gondara</title>
    <link>/category/healthcare/</link>
      <atom:link href="/category/healthcare/index.xml" rel="self" type="application/rss+xml" />
    <description>Healthcare</description>
    <generator>Source Themes Academic (https://sourcethemes.com/academic/)</generator><language>en-us</language><lastBuildDate>Wed, 20 Apr 2016 00:00:00 +0000</lastBuildDate>
    <image>
      <url>/images/icon_hu0b7a4cb9992c9ac0e91bd28ffd38dd00_9727_512x512_fill_lanczos_center_2.png</url>
      <title>Healthcare</title>
      <link>/category/healthcare/</link>
    </image>
    
    <item>
      <title>Differential privacy in healthcare</title>
      <link>/post/getting-started/</link>
      <pubDate>Wed, 20 Apr 2016 00:00:00 +0000</pubDate>
      <guid>/post/getting-started/</guid>
      <description>&lt;p&gt;&lt;strong&gt;Work in progress - check back later&lt;/strong&gt;&lt;/p&gt;
</description>
    </item>
    
  </channel>
</rss>
